# ExoColumn outer-HZ max-greenhouse column; Ts=273.00 K, ps=987503.1980 Pa, g=9.80616 m/s2
# k=1 is the top layer, k=200 the surface layer; vmr = mole fraction of moist air
k,p_layer_Pa,T_layer_K,p_level_top_Pa,p_level_bot_Pa,T_level_top_K,T_level_bot_K,z_level_top_m,z_level_bot_m,vmr_CO2,vmr_N2,vmr_H2O
1,1.04820463e-02,154.000000,1.00000000e-02,1.09640925e-02,154.000000,154.000000,61204.4528,60920.9343,8.986749354e-01,1.013250542e-01,1.045393898e-08
2,1.14926125e-02,154.000000,1.09640925e-02,1.20211325e-02,154.000000,154.000000,60920.9343,60637.4158,8.986749354e-01,1.013250542e-01,1.045393898e-08
3,1.26006067e-02,154.000000,1.20211325e-02,1.31800810e-02,154.000000,154.000000,60637.4158,60353.8973,8.986749354e-01,1.013250542e-01,1.045393898e-08
4,1.38154218e-02,154.000000,1.31800810e-02,1.44507627e-02,154.000000,154.000000,60353.8973,60070.3787,8.986749354e-01,1.013250542e-01,1.045393898e-08
5,1.51473564e-02,154.000000,1.44507627e-02,1.58439500e-02,154.000000,154.000000,60070.3787,59786.8602,8.986749354e-01,1.013250542e-01,1.045393898e-08
6,1.66077017e-02,154.000000,1.58439500e-02,1.73714534e-02,154.000000,154.000000,59786.8602,59503.3417,8.986749354e-01,1.013250542e-01,1.045393898e-08
7,1.82088378e-02,154.000000,1.73714534e-02,1.90462223e-02,154.000000,154.000000,59503.3417,59219.8232,8.986749354e-01,1.013250542e-01,1.045393898e-08
8,1.99643383e-02,154.000000,1.90462223e-02,2.08824543e-02,154.000000,154.000000,59219.8232,58936.3046,8.986749354e-01,1.013250542e-01,1.045393898e-08
9,2.18890853e-02,154.000000,2.08824543e-02,2.28957162e-02,154.000000,154.000000,58936.3046,58652.7861,8.986749354e-01,1.013250542e-01,1.045393898e-08
10,2.39993956e-02,154.000000,2.28957162e-02,2.51030751e-02,154.000000,154.000000,58652.7861,58369.2676,8.986749354e-01,1.013250542e-01,1.045393898e-08
11,2.63131595e-02,154.000000,2.51030751e-02,2.75232439e-02,154.000000,154.000000,58369.2676,58085.7491,8.986749354e-01,1.013250542e-01,1.045393898e-08
12,2.88499916e-02,154.000000,2.75232439e-02,3.01767393e-02,154.000000,154.000000,58085.7491,57802.2305,8.986749354e-01,1.013250542e-01,1.045393898e-08
13,3.16313977e-02,154.000000,3.01767393e-02,3.30860562e-02,154.000000,154.000000,57802.2305,57518.7120,8.986749354e-01,1.013250542e-01,1.045393898e-08
14,3.46809572e-02,154.000000,3.30860562e-02,3.62758582e-02,154.000000,154.000000,57518.7120,57235.1935,8.986749354e-01,1.013250542e-01,1.045393898e-08
15,3.80245224e-02,154.000000,3.62758582e-02,3.97731867e-02,154.000000,154.000000,57235.1935,56951.6750,8.986749354e-01,1.013250542e-01,1.045393898e-08
16,4.16904383e-02,154.000000,3.97731867e-02,4.36076899e-02,154.000000,154.000000,56951.6750,56668.1564,8.986749354e-01,1.013250542e-01,1.045393898e-08
17,4.57097823e-02,154.000000,4.36076899e-02,4.78118748e-02,154.000000,154.000000,56668.1564,56384.6379,8.986749354e-01,1.013250542e-01,1.045393898e-08
18,5.01166284e-02,154.000000,4.78118748e-02,5.24213820e-02,154.000000,154.000000,56384.6379,56101.1194,8.986749354e-01,1.013250542e-01,1.045393898e-08
19,5.49483351e-02,154.000000,5.24213820e-02,5.74752883e-02,154.000000,154.000000,56101.1194,55817.6009,8.986749354e-01,1.013250542e-01,1.045393898e-08
20,6.02458632e-02,154.000000,5.74752883e-02,6.30164380e-02,154.000000,154.000000,55817.6009,55534.0823,8.986749354e-01,1.013250542e-01,1.045393898e-08
21,6.60541219e-02,154.000000,6.30164380e-02,6.90918058e-02,154.000000,154.000000,55534.0823,55250.5638,8.986749354e-01,1.013250542e-01,1.045393898e-08
22,7.24223505e-02,154.000000,6.90918058e-02,7.57528953e-02,154.000000,154.000000,55250.5638,54967.0453,8.986749354e-01,1.013250542e-01,1.045393898e-08
23,7.94045353e-02,154.000000,7.57528953e-02,8.30561754e-02,154.000000,154.000000,54967.0453,54683.5268,8.986749354e-01,1.013250542e-01,1.045393898e-08
24,8.70598674e-02,154.000000,8.30561754e-02,9.10635593e-02,154.000000,154.000000,54683.5268,54400.0082,8.986749354e-01,1.013250542e-01,1.045393898e-08
25,9.54532443e-02,154.000000,9.10635593e-02,9.98429292e-02,154.000000,154.000000,54400.0082,54116.4897,8.986749354e-01,1.013250542e-01,1.045393898e-08
26,1.04655820e-01,154.000000,9.98429292e-02,1.09468712e-01,154.000000,154.000000,54116.4897,53832.9712,8.986749354e-01,1.013250542e-01,1.045393898e-08
27,1.14745610e-01,154.000000,1.09468712e-01,1.20022508e-01,154.000000,154.000000,53832.9712,53549.4527,8.986749354e-01,1.013250542e-01,1.045393898e-08
28,1.25808149e-01,154.000000,1.20022508e-01,1.31593789e-01,154.000000,154.000000,53549.4527,53265.9341,8.986749354e-01,1.013250542e-01,1.045393898e-08
29,1.37937218e-01,154.000000,1.31593789e-01,1.44280648e-01,154.000000,154.000000,53265.9341,52982.4156,8.986749354e-01,1.013250542e-01,1.045393898e-08
30,1.51235643e-01,154.000000,1.44280648e-01,1.58190638e-01,154.000000,154.000000,52982.4156,52698.8971,8.986749354e-01,1.013250542e-01,1.045393898e-08
31,1.65816158e-01,154.000000,1.58190638e-01,1.73441679e-01,154.000000,154.000000,52698.8971,52415.3786,8.986749354e-01,1.013250542e-01,1.045393898e-08
32,1.81802371e-01,154.000000,1.73441679e-01,1.90163062e-01,154.000000,154.000000,52415.3786,52131.8600,8.986749354e-01,1.013250542e-01,1.045393898e-08
33,1.99329801e-01,154.000000,1.90163062e-01,2.08496541e-01,154.000000,154.000000,52131.8600,51848.3415,8.986749354e-01,1.013250542e-01,1.045393898e-08
34,2.18547039e-01,154.000000,2.08496541e-01,2.28597537e-01,154.000000,154.000000,51848.3415,51564.8230,8.986749354e-01,1.013250542e-01,1.045393898e-08
35,2.39616996e-01,154.000000,2.28597537e-01,2.50636455e-01,154.000000,154.000000,51564.8230,51281.3044,8.986749354e-01,1.013250542e-01,1.045393898e-08
36,2.62718292e-01,154.000000,2.50636455e-01,2.74800129e-01,154.000000,154.000000,51281.3044,50997.7859,8.986749354e-01,1.013250542e-01,1.045393898e-08
37,2.88046767e-01,154.000000,2.74800129e-01,3.01293404e-01,154.000000,154.000000,50997.7859,50714.2674,8.986749354e-01,1.013250542e-01,1.045393898e-08
38,3.15817140e-01,154.000000,3.01293404e-01,3.30340877e-01,154.000000,154.000000,50714.2674,50430.7489,8.986749354e-01,1.013250542e-01,1.045393898e-08
39,3.46264835e-01,154.000000,3.30340877e-01,3.62188794e-01,154.000000,154.000000,50430.7489,50147.2303,8.986749354e-01,1.013250542e-01,1.045393898e-08
40,3.79647970e-01,154.000000,3.62188794e-01,3.97107146e-01,154.000000,154.000000,50147.2303,49863.7118,8.986749354e-01,1.013250542e-01,1.045393898e-08
41,4.16249548e-01,154.000000,3.97107146e-01,4.35391950e-01,154.000000,154.000000,49863.7118,49580.1933,8.986749354e-01,1.013250542e-01,1.045393898e-08
42,4.56379856e-01,154.000000,4.35391950e-01,4.77367763e-01,154.000000,154.000000,49580.1933,49296.6748,8.986749354e-01,1.013250542e-01,1.045393898e-08
43,5.00379098e-01,154.000000,4.77367763e-01,5.23390433e-01,154.000000,154.000000,49296.6748,49013.1562,8.986749354e-01,1.013250542e-01,1.045393898e-08
44,5.48620273e-01,154.000000,5.23390433e-01,5.73850114e-01,154.000000,154.000000,49013.1562,48729.6377,8.986749354e-01,1.013250542e-01,1.045393898e-08
45,6.01512345e-01,154.000000,5.73850114e-01,6.29174576e-01,154.000000,154.000000,48729.6377,48446.1192,8.986749354e-01,1.013250542e-01,1.045393898e-08
46,6.59503702e-01,154.000000,6.29174576e-01,6.89832827e-01,154.000000,154.000000,48446.1192,48162.6007,8.986749354e-01,1.013250542e-01,1.045393898e-08
47,7.23085962e-01,154.000000,6.89832827e-01,7.56339096e-01,154.000000,154.000000,48162.6007,47879.0821,8.986749354e-01,1.013250542e-01,1.045393898e-08
48,7.92798140e-01,154.000000,7.56339096e-01,8.29257184e-01,154.000000,154.000000,47879.0821,47595.5636,8.986749354e-01,1.013250542e-01,1.045393898e-08
49,8.69231217e-01,154.000000,8.29257184e-01,9.09205251e-01,154.000000,154.000000,47595.5636,47312.0451,8.986749354e-01,1.013250542e-01,1.045393898e-08
50,9.53033151e-01,154.000000,9.09205251e-01,9.96861051e-01,154.000000,154.000000,47312.0451,47028.5266,8.986749354e-01,1.013250542e-01,1.045393898e-08
51,1.04491437e+00,154.000000,9.96861051e-01,1.09296768e+00,154.000000,154.000000,47028.5266,46745.0080,8.986749354e-01,1.013250542e-01,1.045393898e-08
52,1.14565378e+00,154.000000,1.09296768e+00,1.19833988e+00,154.000000,154.000000,46745.0080,46461.4895,8.986749354e-01,1.013250542e-01,1.045393898e-08
53,1.25610541e+00,154.000000,1.19833988e+00,1.31387093e+00,154.000000,154.000000,46461.4895,46177.9710,8.986749354e-01,1.013250542e-01,1.045393898e-08
54,1.37720559e+00,154.000000,1.31387093e+00,1.44054025e+00,154.000000,154.000000,46177.9710,45894.4525,8.986749354e-01,1.013250542e-01,1.045393898e-08
55,1.50998096e+00,154.000000,1.44054025e+00,1.57942166e+00,154.000000,154.000000,45894.4525,45610.9339,8.986749354e-01,1.013250542e-01,1.045393898e-08
56,1.65555710e+00,154.000000,1.57942166e+00,1.73169253e+00,154.000000,154.000000,45610.9339,45327.4154,8.986749354e-01,1.013250542e-01,1.045393898e-08
57,1.81516812e+00,154.000000,1.73169253e+00,1.89864371e+00,154.000000,154.000000,45327.4154,45043.8969,8.986749354e-01,1.013250542e-01,1.045393898e-08
58,1.99016713e+00,154.000000,1.89864371e+00,2.08169054e+00,154.000000,154.000000,45043.8969,44760.3784,8.986749354e-01,1.013250542e-01,1.045393898e-08
59,2.18203765e+00,154.000000,2.08169054e+00,2.28238477e+00,154.000000,154.000000,44760.3784,44476.8598,8.986749354e-01,1.013250542e-01,1.045393898e-08
60,2.39240628e+00,154.000000,2.28238477e+00,2.50242778e+00,154.000000,154.000000,44476.8598,44193.3413,8.986749354e-01,1.013250542e-01,1.045393898e-08
61,2.62305638e+00,154.000000,2.50242778e+00,2.74368498e+00,154.000000,154.000000,44193.3413,43909.8228,8.986749354e-01,1.013250542e-01,1.045393898e-08
62,2.87594329e+00,154.000000,2.74368498e+00,3.00820160e+00,154.000000,154.000000,43909.8228,43626.3043,8.986749354e-01,1.013250542e-01,1.045393898e-08
63,3.15321084e+00,154.000000,3.00820160e+00,3.29822008e+00,154.000000,154.000000,43626.3043,43342.7857,8.986749354e-01,1.013250542e-01,1.045393898e-08
64,3.45720955e+00,154.000000,3.29822008e+00,3.61619901e+00,154.000000,154.000000,43342.7857,43059.2672,8.986749354e-01,1.013250542e-01,1.045393898e-08
65,3.79051654e+00,154.000000,3.61619901e+00,3.96483406e+00,154.000000,154.000000,43059.2672,42775.7487,8.986749354e-01,1.013250542e-01,1.045393898e-08
66,4.15595741e+00,154.000000,3.96483406e+00,4.34708076e+00,154.000000,154.000000,42775.7487,42492.2302,8.986749354e-01,1.013250542e-01,1.045393898e-08
67,4.55663017e+00,154.000000,4.34708076e+00,4.76617957e+00,154.000000,154.000000,42492.2302,42208.7116,8.986749354e-01,1.013250542e-01,1.045393898e-08
68,4.99593148e+00,154.000000,4.76617957e+00,5.22568339e+00,154.000000,154.000000,42208.7116,41925.1931,8.986749354e-01,1.013250542e-01,1.045393898e-08
69,5.47758551e+00,154.000000,5.22568339e+00,5.72948763e+00,154.000000,154.000000,41925.1931,41641.6746,8.986749354e-01,1.013250542e-01,1.045393898e-08
70,6.00567545e+00,154.000000,5.72948763e+00,6.28186326e+00,154.000000,154.000000,41641.6746,41358.1561,8.986749354e-01,1.013250542e-01,1.045393898e-08
71,6.58467814e+00,154.000000,6.28186326e+00,6.88749301e+00,154.000000,154.000000,41358.1561,41074.6375,8.986749354e-01,1.013250542e-01,1.045393898e-08
72,7.21950205e+00,154.000000,6.88749301e+00,7.55151108e+00,154.000000,154.000000,41074.6375,40791.1190,8.986749354e-01,1.013250542e-01,1.045393898e-08
73,7.91552885e+00,154.000000,7.55151108e+00,8.27954663e+00,154.000000,154.000000,40791.1190,40507.6005,8.986749354e-01,1.013250542e-01,1.045393898e-08
74,8.67865909e+00,154.000000,8.27954663e+00,9.07777155e+00,154.000000,154.000000,40507.6005,40224.0820,8.986749354e-01,1.013250542e-01,1.045393898e-08
75,9.51536214e+00,154.000000,9.07777155e+00,9.95295273e+00,154.000000,154.000000,40224.0820,39940.5634,8.986749354e-01,1.013250542e-01,1.045393898e-08
76,1.04327311e+01,154.000000,9.95295273e+00,1.09125095e+01,154.000000,154.000000,39940.5634,39657.0449,8.986749354e-01,1.013250542e-01,1.045393898e-08
77,1.14385429e+01,154.000000,1.09125095e+01,1.19645764e+01,154.000000,154.000000,39657.0449,39373.5264,8.986749354e-01,1.013250542e-01,1.045393898e-08
78,1.25413243e+01,154.000000,1.19645764e+01,1.31180723e+01,154.000000,154.000000,39373.5264,39090.0079,8.986749354e-01,1.013250542e-01,1.045393898e-08
79,1.37504241e+01,154.000000,1.31180723e+01,1.43827758e+01,154.000000,154.000000,39090.0079,38806.4893,8.986749354e-01,1.013250542e-01,1.045393898e-08
80,1.50760922e+01,154.000000,1.43827758e+01,1.57694085e+01,154.000000,154.000000,38806.4893,38522.9708,8.986749354e-01,1.013250542e-01,1.045393898e-08
81,1.65295670e+01,154.000000,1.57694085e+01,1.72897254e+01,154.000000,154.000000,38522.9708,38239.4523,8.986749354e-01,1.013250542e-01,1.045393898e-08
82,1.81231702e+01,154.000000,1.72897254e+01,1.89566150e+01,154.000000,154.000000,38239.4523,37955.9338,8.986749354e-01,1.013250542e-01,1.045393898e-08
83,1.98704115e+01,154.000000,1.89566150e+01,2.07842081e+01,154.000000,154.000000,37955.9338,37672.4152,8.986749354e-01,1.013250542e-01,1.045393898e-08
84,2.17861031e+01,154.000000,2.07842081e+01,2.27879981e+01,154.000000,154.000000,37672.4152,37388.8967,8.986749354e-01,1.013250542e-01,1.045393898e-08
85,2.38864850e+01,154.000000,2.27879981e+01,2.49849720e+01,154.000000,154.000000,37388.8967,37105.3782,8.986749354e-01,1.013250542e-01,1.045393898e-08
86,2.61893633e+01,154.000000,2.49849720e+01,2.73937545e+01,154.000000,154.000000,37105.3782,36821.8596,8.986749354e-01,1.013250542e-01,1.045393898e-08
87,2.87142602e+01,154.000000,2.73937545e+01,3.00347660e+01,154.000000,154.000000,36821.8596,36538.3411,8.986749354e-01,1.013250542e-01,1.045393898e-08
88,3.14825807e+01,154.000000,3.00347660e+01,3.29303954e+01,154.000000,154.000000,36538.3411,36254.8226,8.986749354e-01,1.013250542e-01,1.045393898e-08
89,3.45177928e+01,154.000000,3.29303954e+01,3.61051902e+01,154.000000,154.000000,36254.8226,35971.3041,8.986749354e-01,1.013250542e-01,1.045393898e-08
90,3.78456274e+01,154.000000,3.61051902e+01,3.95860647e+01,154.000000,154.000000,35971.3041,35687.7855,8.986749354e-01,1.013250542e-01,1.045393898e-08
91,4.14942962e+01,154.000000,3.95860647e+01,4.34025276e+01,154.000000,154.000000,35687.7855,35404.2670,8.986749354e-01,1.013250542e-01,1.045393898e-08
92,4.54947303e+01,154.000000,4.34025276e+01,4.75869330e+01,154.000000,154.000000,35404.2670,35120.7485,8.986749354e-01,1.013250542e-01,1.045393898e-08
93,4.98808433e+01,154.000000,4.75869330e+01,5.21747537e+01,154.000000,154.000000,35120.7485,34837.2300,8.986749354e-01,1.013250542e-01,1.045393898e-08
94,5.46898182e+01,154.000000,5.21747537e+01,5.72048828e+01,154.000000,154.000000,34837.2300,34553.7114,8.986749354e-01,1.013250542e-01,1.045393898e-08
95,5.99624228e+01,154.000000,5.72048828e+01,6.27199629e+01,154.000000,154.000000,34553.7114,34270.1929,8.986749354e-01,1.013250542e-01,1.045393898e-08
96,6.57433553e+01,154.000000,6.27199629e+01,6.87667477e+01,154.000000,154.000000,34270.1929,33986.6744,8.986749354e-01,1.013250542e-01,1.045393898e-08
97,7.20816232e+01,154.000000,6.87667477e+01,7.53964986e+01,154.000000,154.000000,33986.6744,33703.1559,8.986749354e-01,1.013250542e-01,1.045393898e-08
98,7.90309587e+01,154.000000,7.53964986e+01,8.26654188e+01,154.000000,154.000000,33703.1559,33419.6373,8.986749354e-01,1.013250542e-01,1.045393898e-08
99,8.66502745e+01,154.000000,8.26654188e+01,9.06351302e+01,154.000000,154.000000,33419.6373,33136.1188,8.986749354e-01,1.013250542e-01,1.045393898e-08
100,9.50041628e+01,154.000000,9.06351302e+01,9.93731955e+01,154.000000,154.000000,33136.1188,32852.6003,8.986749354e-01,1.013250542e-01,1.045393898e-08
101,1.04163443e+02,154.000000,9.93731955e+01,1.08953691e+02,154.000000,154.000000,32852.6003,32569.0818,8.986749354e-01,1.013250542e-01,1.045393898e-08
102,1.14205763e+02,154.000000,1.08953691e+02,1.19457835e+02,154.000000,154.000000,32569.0818,32285.5632,8.986749354e-01,1.013250542e-01,1.045393898e-08
103,1.25216256e+02,154.000000,1.19457835e+02,1.30974676e+02,154.000000,154.000000,32285.5632,32002.0447,8.986749354e-01,1.013250542e-01,1.045393898e-08
104,1.37288262e+02,154.000000,1.30974676e+02,1.43601847e+02,154.000000,154.000000,32002.0447,31718.5262,8.986749354e-01,1.013250542e-01,1.045393898e-08
105,1.50524120e+02,154.000000,1.43601847e+02,1.57446394e+02,154.000000,154.000000,31718.5262,31435.0077,8.986749354e-01,1.013250542e-01,1.045393898e-08
106,1.65036039e+02,154.000000,1.57446394e+02,1.72625683e+02,154.000000,154.000000,31435.0077,31151.4891,8.986749354e-01,1.013250542e-01,1.045393898e-08
107,1.80947040e+02,154.000000,1.72625683e+02,1.89268397e+02,154.000000,154.000000,31151.4891,30867.9706,8.986749354e-01,1.013250542e-01,1.045393898e-08
108,1.98392009e+02,154.000000,1.89268397e+02,2.07515622e+02,154.000000,154.000000,30867.9706,30584.4521,8.986749354e-01,1.013250542e-01,1.045393898e-08
109,2.17518835e+02,154.000000,2.07515622e+02,2.27522048e+02,154.000000,154.000000,30584.4521,30300.9336,8.986749354e-01,1.013250542e-01,1.045393898e-08
110,2.38489664e+02,154.000000,2.27522048e+02,2.49457279e+02,154.000000,154.000000,30300.9336,30017.4150,8.986749354e-01,1.013250542e-01,1.045393898e-08
111,2.61482274e+02,154.000000,2.49457279e+02,2.73507269e+02,154.000000,154.000000,30017.4150,29733.8965,8.986749354e-01,1.013250542e-01,1.045393898e-08
112,2.86691585e+02,154.000000,2.73507269e+02,2.99875901e+02,154.000000,154.000000,29733.8965,29450.3780,8.986749354e-01,1.013250542e-01,1.045393898e-08
113,3.14331307e+02,154.000000,2.99875901e+02,3.28786713e+02,154.000000,154.000000,29450.3780,29166.8595,8.986749354e-01,1.013250542e-01,1.045393898e-08
114,3.44635754e+02,154.000000,3.28786713e+02,3.60484795e+02,154.000000,154.000000,29166.8595,28883.3409,8.986749354e-01,1.013250542e-01,1.045393898e-08
115,3.77861830e+02,154.000000,3.60484795e+02,3.95238865e+02,154.000000,154.000000,28883.3409,28599.8224,8.986749354e-01,1.013250542e-01,1.045393898e-08
116,4.14291207e+02,154.000000,3.95238865e+02,4.33343549e+02,154.000000,154.000000,28599.8224,28316.3039,8.986749354e-01,1.013250542e-01,1.045393898e-08
117,4.54232714e+02,154.000000,4.33343549e+02,4.75121878e+02,154.000000,154.000000,28316.3039,28032.7854,8.986749354e-01,1.013250542e-01,1.045393898e-08
118,4.98024951e+02,154.000000,4.75121878e+02,5.20928024e+02,154.000000,154.000000,28032.7854,27749.2668,8.986749354e-01,1.013250542e-01,1.045393898e-08
119,5.46039165e+02,154.000000,5.20928024e+02,5.71150306e+02,154.000000,154.000000,27749.2668,27465.7483,8.986749354e-01,1.013250542e-01,1.045393898e-08
120,5.98682394e+02,154.000000,5.71150306e+02,6.26214481e+02,154.000000,154.000000,27465.7483,27182.2298,8.986749354e-01,1.013250542e-01,1.045393898e-08
121,6.56400917e+02,154.000000,6.26214481e+02,6.86587352e+02,154.000000,154.000000,27182.2298,26898.7113,8.986749354e-01,1.013250542e-01,1.045393898e-08
122,7.19684040e+02,154.000000,6.86587352e+02,7.52780727e+02,154.000000,154.000000,26898.7113,26615.1927,8.986749354e-01,1.013250542e-01,1.045393898e-08
123,7.89068241e+02,154.000000,7.52780727e+02,8.25355756e+02,154.000000,154.000000,26615.1927,26331.6742,8.986749354e-01,1.013250542e-01,1.045393898e-08
124,8.65141722e+02,154.000000,8.25355756e+02,9.04927688e+02,154.000000,154.000000,26331.6742,26048.1557,8.986749354e-01,1.013250542e-01,1.045393898e-08
125,9.48549390e+02,154.000000,9.04927688e+02,9.92171092e+02,154.000000,154.000000,26048.1557,25764.6372,8.986749354e-01,1.013250542e-01,1.045393898e-08
126,1.03999833e+03,154.000000,9.92171092e+02,1.08782557e+03,154.000000,154.000000,25764.6372,25481.1186,8.986749354e-01,1.013250542e-01,1.045393898e-08
127,1.14026379e+03,154.000000,1.08782557e+03,1.19270202e+03,154.000000,154.000000,25481.1186,25197.6001,8.986749354e-01,1.013250542e-01,1.045393898e-08
128,1.25019577e+03,154.000000,1.19270202e+03,1.30768953e+03,154.000000,154.000000,25197.6001,24914.0816,8.986749354e-01,1.013250542e-01,1.045393898e-08
129,1.37072622e+03,154.000000,1.30768953e+03,1.43376290e+03,154.000000,154.000000,24914.0816,24630.5631,8.986749354e-01,1.013250542e-01,1.045393898e-08
130,1.50287691e+03,154.000000,1.43376290e+03,1.57199092e+03,154.000000,154.000000,24630.5631,24347.0445,8.986749354e-01,1.013250542e-01,1.045393898e-08
131,1.64776815e+03,154.223109,1.57199092e+03,1.72354539e+03,154.000000,154.446218,24347.0445,24063.1153,8.986749350e-01,1.013250541e-01,1.091641983e-08
132,1.80662825e+03,154.794868,1.72354539e+03,1.88971111e+03,154.446218,155.143519,24063.1153,23778.1333,8.986749344e-01,1.013250541e-01,1.153442704e-08
133,1.98080393e+03,155.495595,1.88971111e+03,2.07189675e+03,155.143519,155.847671,23778.1333,23491.8614,8.986749335e-01,1.013250540e-01,1.258003489e-08
134,2.17177176e+03,156.203221,2.07189675e+03,2.27164677e+03,155.847671,156.558771,23491.8614,23204.2867,8.986749324e-01,1.013250538e-01,1.372224928e-08
135,2.38115066e+03,156.917846,2.27164677e+03,2.49065454e+03,156.558771,157.276920,23204.2867,22915.3963,8.986749313e-01,1.013250537e-01,1.497014549e-08
136,2.61071562e+03,157.639569,2.49065454e+03,2.73077669e+03,157.276920,158.002218,22915.3963,22625.1772,8.986749301e-01,1.013250536e-01,1.633366237e-08
137,2.86241276e+03,158.368492,2.73077669e+03,2.99404884e+03,158.002218,158.734766,22625.1772,22333.6162,8.986749287e-01,1.013250534e-01,1.782368512e-08
138,3.13837584e+03,159.104717,2.99404884e+03,3.28270285e+03,158.734766,159.474668,22333.6162,22040.6997,8.986749273e-01,1.013250533e-01,1.945213595e-08
139,3.44094432e+03,159.848350,3.28270285e+03,3.59918579e+03,159.474668,160.222031,22040.6997,21746.4142,8.986749257e-01,1.013250531e-01,2.123207346e-08
140,3.77268319e+03,160.599495,3.59918579e+03,3.94618060e+03,160.222031,160.976959,21746.4142,21450.7458,8.986749239e-01,1.013250529e-01,2.317780147e-08
141,4.13640477e+03,161.358261,3.94618060e+03,4.32662893e+03,160.976959,161.739562,21450.7458,21153.6805,8.986749220e-01,1.013250527e-01,2.530498819e-08
142,4.53519247e+03,162.124756,4.32662893e+03,4.74375600e+03,161.739562,162.509950,21153.6805,20855.2041,8.986749199e-01,1.013250524e-01,2.763079676e-08
143,4.97242699e+03,162.899092,4.74375600e+03,5.20109798e+03,162.509950,163.288233,20855.2041,20555.3020,8.986749177e-01,1.013250522e-01,3.017402816e-08
144,5.45181497e+03,163.681380,5.20109798e+03,5.70253196e+03,163.288233,164.074526,20555.3020,20253.9598,8.986749152e-01,1.013250519e-01,3.295527763e-08
145,5.97742038e+03,164.471734,5.70253196e+03,6.25230881e+03,164.074526,164.868942,20253.9598,19951.1625,8.986749124e-01,1.013250516e-01,3.599710587e-08
146,6.55369903e+03,165.270270,6.25230881e+03,6.85508924e+03,164.868942,165.671598,19951.1625,19646.8951,8.986749094e-01,1.013250512e-01,3.932422633e-08
147,7.18553626e+03,166.077104,6.85508924e+03,7.51598328e+03,165.671598,166.482611,19646.8951,19341.1423,8.986749062e-01,1.013250509e-01,4.296371008e-08
148,7.87828845e+03,166.892355,7.51598328e+03,8.24059363e+03,166.482611,167.302100,19341.1423,19033.8885,8.986749026e-01,1.013250505e-01,4.694520986e-08
149,8.63782837e+03,167.716143,8.24059363e+03,9.03506311e+03,167.302100,168.130186,19033.8885,18725.1182,8.986748987e-01,1.013250500e-01,5.130120494e-08
150,9.47059496e+03,168.548588,9.03506311e+03,9.90612681e+03,168.130186,168.966991,18725.1182,18414.8152,8.986748944e-01,1.013250496e-01,5.606726872e-08
151,1.03836480e+04,169.389815,9.90612681e+03,1.08611691e+04,168.966991,169.812639,18414.8152,18102.9636,8.986748897e-01,1.013250490e-01,6.128236106e-08
152,1.13847277e+04,170.239946,1.08611691e+04,1.19082863e+04,169.812639,170.667254,18102.9636,17789.5469,8.986748846e-01,1.013250484e-01,6.698914744e-08
153,1.24823208e+04,171.099108,1.19082863e+04,1.30563553e+04,170.667254,171.530963,17789.5469,17474.5484,8.986748790e-01,1.013250478e-01,7.323434729e-08
154,1.36857321e+04,171.967428,1.30563553e+04,1.43151088e+04,171.530963,172.403893,17474.5484,17157.9513,8.986748728e-01,1.013250471e-01,8.006911402e-08
155,1.50051633e+04,172.845034,1.43151088e+04,1.56952178e+04,172.403893,173.286174,17157.9513,16839.7385,8.986748661e-01,1.013250464e-01,8.754944930e-08
156,1.64517999e+04,173.732055,1.56952178e+04,1.72083820e+04,173.286174,174.177936,16839.7385,16519.8926,8.986748587e-01,1.013250455e-01,9.573665457e-08
157,1.80379056e+04,174.628623,1.72083820e+04,1.88674293e+04,174.177936,175.079310,16519.8926,16198.3962,8.986748507e-01,1.013250446e-01,1.046978227e-07
158,1.97769267e+04,175.534869,1.88674293e+04,2.06864241e+04,175.079310,175.990428,16198.3962,15875.2313,8.986748419e-01,1.013250436e-01,1.145063733e-07
159,2.16836054e+04,176.450926,2.06864241e+04,2.26807868e+04,175.990428,176.911425,15875.2313,15550.3799,8.986748322e-01,1.013250425e-01,1.252426344e-07
160,2.37741057e+04,177.376929,2.26807868e+04,2.48674245e+04,176.911425,177.842434,15550.3799,15223.8238,8.986748217e-01,1.013250414e-01,1.369944750e-07
161,2.60661495e+04,178.313013,2.48674245e+04,2.72648744e+04,177.842434,178.783591,15223.8238,14895.5443,8.986748101e-01,1.013250400e-01,1.498579923e-07
162,2.85791675e+04,179.259312,2.72648744e+04,2.98934606e+04,178.783591,179.735033,14895.5443,14565.5226,8.986747974e-01,1.013250386e-01,1.639382564e-07
163,3.13344637e+04,180.215964,2.98934606e+04,3.27754668e+04,179.735033,180.696895,14565.5226,14233.7397,8.986747836e-01,1.013250371e-01,1.793501180e-07
164,3.43553960e+04,181.183106,3.27754668e+04,3.59353252e+04,180.696895,181.669316,14233.7397,13900.1762,8.986747684e-01,1.013250354e-01,1.962190831e-07
165,3.76675741e+04,182.160875,3.59353252e+04,3.93998231e+04,181.669316,182.652433,13900.1762,13564.8126,8.986747518e-01,1.013250335e-01,2.146822587e-07
166,4.12990768e+04,183.149409,3.93998231e+04,4.31983306e+04,182.652433,183.646385,13564.8126,13227.6291,8.986747337e-01,1.013250314e-01,2.348893750e-07
167,4.52806900e+04,184.148847,4.31983306e+04,4.73630495e+04,183.646385,184.651308,13227.6291,12888.6057,8.986747138e-01,1.013250292e-01,2.570038874e-07
168,4.96461676e+04,185.159325,4.73630495e+04,5.19292857e+04,184.651308,185.667342,12888.6057,12547.7218,8.986746921e-01,1.013250267e-01,2.812041647e-07
169,5.44325176e+04,186.180983,5.19292857e+04,5.69357494e+04,185.667342,186.694625,12547.7218,12204.9571,8.986746683e-01,1.013250241e-01,3.076847669e-07
170,5.96803160e+04,187.213958,5.69357494e+04,6.24248826e+04,186.694625,187.733292,12204.9571,11860.2907,8.986746422e-01,1.013250211e-01,3.366578173e-07
171,6.54340508e+04,188.258387,6.24248826e+04,6.84432190e+04,187.733292,188.783482,11860.2907,11513.7014,8.986746137e-01,1.013250179e-01,3.683544738e-07
172,7.17424988e+04,189.314405,6.84432190e+04,7.50417787e+04,188.783482,189.845329,11513.7014,11165.1679,8.986745826e-01,1.013250144e-01,4.030265029e-07
173,7.86591396e+04,190.382149,7.50417787e+04,8.22765006e+04,189.845329,190.918968,11165.1679,10814.6687,8.986745485e-01,1.013250106e-01,4.409479601e-07
174,8.62426086e+04,191.461751,8.22765006e+04,9.02087166e+04,190.918968,192.004533,10814.6687,10462.1819,8.986745112e-01,1.013250064e-01,4.824169790e-07
175,9.45571942e+04,192.553343,9.02087166e+04,9.89056717e+04,192.004533,193.102153,10462.1819,10107.6854,8.986744705e-01,1.013250018e-01,5.277576721e-07
176,1.03673383e+05,193.657056,9.89056717e+04,1.08441094e+05,193.102153,194.211959,10107.6854,9751.1570,8.986744259e-01,1.013249967e-01,5.773221434e-07
177,1.13668456e+05,194.773017,1.08441094e+05,1.18895819e+05,194.211959,195.334075,9751.1570,9392.5740,8.986743773e-01,1.013249912e-01,6.314926120e-07
178,1.24627147e+05,195.901351,1.18895819e+05,1.30358476e+05,195.334075,196.468626,9392.5740,9031.9137,8.986743241e-01,1.013249852e-01,6.906836447e-07
179,1.36642358e+05,197.042178,1.30358476e+05,1.42926239e+05,196.468626,197.615731,9031.9137,8669.1531,8.986742660e-01,1.013249787e-01,7.553444929e-07
180,1.49815946e+05,198.195618,1.42926239e+05,1.56705652e+05,197.615731,198.775505,8669.1531,8304.2690,8.986742025e-01,1.013249715e-01,8.259615255e-07
181,1.64259589e+05,199.361783,1.56705652e+05,1.71813527e+05,198.775505,199.948061,8304.2690,7937.2379,8.986741332e-01,1.013249637e-01,9.030607466e-07
182,1.80095734e+05,200.540782,1.71813527e+05,1.88377941e+05,199.948061,201.133502,7937.2379,7568.0362,8.986740576e-01,1.013249552e-01,9.872103821e-07
183,1.97458629e+05,201.732716,1.88377941e+05,2.06539317e+05,201.133502,202.331930,7568.0362,7196.6401,8.986739751e-01,1.013249459e-01,1.079023512e-06
184,2.16495468e+05,202.937683,2.06539317e+05,2.26451619e+05,202.331930,203.543436,7196.6401,6823.0256,8.986738851e-01,1.013249358e-01,1.179160720e-06
185,2.37367635e+05,204.155771,2.26451619e+05,2.48283651e+05,203.543436,204.768106,6823.0256,6447.1686,8.986737870e-01,1.013249247e-01,1.288332714e-06
186,2.60252071e+05,205.387060,2.48283651e+05,2.72220492e+05,204.768106,206.006014,6447.1686,6069.0447,8.986736801e-01,1.013249126e-01,1.407302872e-06
187,2.85342780e+05,206.631619,2.72220492e+05,2.98465067e+05,206.006014,207.257225,6069.0447,5688.6295,8.986735636e-01,1.013248995e-01,1.536889621e-06
188,3.12852464e+05,207.995327,2.98465067e+05,3.27239861e+05,207.257225,208.733430,5688.6295,5305.7036,8.986734140e-01,1.013248826e-01,1.703382077e-06
189,3.43014337e+05,211.218570,3.27239861e+05,3.58788812e+05,208.733430,213.703711,5305.7036,4916.8434,8.986727537e-01,1.013248082e-01,2.438112599e-06
190,3.76084093e+05,216.229700,3.58788812e+05,3.93379374e+05,213.703711,218.755689,4916.8434,4518.7572,8.986710240e-01,1.013246132e-01,4.362828422e-06
191,4.12342080e+05,221.322013,3.93379374e+05,4.31304786e+05,218.755689,223.888337,4518.7572,4111.2951,8.986680701e-01,1.013242801e-01,7.649736653e-06
192,4.52095673e+05,226.494206,4.31304786e+05,4.72886559e+05,223.888337,229.100074,4111.2951,3694.3094,8.986631276e-01,1.013237229e-01,1.314957612e-05
193,4.95681880e+05,231.744293,4.72886559e+05,5.18477200e+05,229.100074,234.388511,3694.3094,3267.6560,8.986550215e-01,1.013228089e-01,2.216957651e-05
194,5.43470200e+05,237.069312,5.18477200e+05,5.68463200e+05,234.388511,239.750113,3267.6560,2831.1952,8.986419882e-01,1.013213394e-01,3.667239210e-05
195,5.95865757e+05,242.464951,5.68463200e+05,6.23268313e+05,239.750113,245.179788,2831.1952,2384.7948,8.986214429e-01,1.013190229e-01,5.953417007e-05
196,6.53312730e+05,247.925087,6.23268313e+05,6.83357146e+05,245.179788,250.670386,2384.7948,1928.3325,8.985896948e-01,1.013154434e-01,9.486180157e-05
197,7.16298123e+05,253.441283,6.83357146e+05,7.49239099e+05,250.670386,256.212179,1928.3325,1461.6999,8.985416217e-01,1.013100231e-01,1.483551528e-04
198,7.85355891e+05,259.002278,7.49239099e+05,8.21472682e+05,256.212179,261.792376,1461.6999,984.8067,8.984703374e-01,1.013019859e-01,2.276767763e-04
199,8.61071466e+05,264.593597,8.21472682e+05,9.00670251e+05,261.792376,267.394818,984.8067,497.5861,8.983669150e-01,1.012903251e-01,3.427599448e-04
200,9.44086724e+05,270.197409,9.00670251e+05,9.87503198e+05,267.394818,273.000000,497.5861,0.0000,8.982202578e-01,1.012737896e-01,5.059526030e-04
